{
  "Camera/AGVFollowCamera.cs": 1779641157.7165904,
  "Camera/CameraController.cs": 1776013997.3276992,
  "Camera/OrbitCamera.cs": 1775244673.265594,
  "FailureTestDriver.cs": 1779641157.7165904,
  "Scheduling/Core/DESSimulator.cs": 1775057051.797458,
  "Scheduling/Core/DispatchingRules.cs": 1774113649.240899,
  "Scheduling/Core/EventQueue.cs": 1774113645.2238045,
  "Scheduling/Core/Job.cs": 1774113669.6513698,
  "Scheduling/Core/Machine.cs": 1775244673.2665944,
  "Scheduling/Data/TaillardInstance.cs": 1774486671.4306798,
  "Scheduling/Unity/TaillardValidator.cs": 1774114578.756546,
  "Scheduling/Validation/CrossValidator.cs": 1774114596.2559137,
  "Scheduling/Validation/ValidationExporter.cs": 1774114685.3007543,
  "Scheduling/Validation/ValidationRunner.cs": 1774114493.3102312,
  "Scheduling/Validation/compare_mirror.py": 1774119638.33995,
  "Scheduling/Validation/compare_results.py": 1774119638.3868027,
  "Scheduling/Validation/generate_reference.py": 1774119638.324933,
  "Scheduling/Validation/mirror_des.py": 1774119638.4309015,
  "Simulation/AGV/AGVController.cs": 1779649831.798878,
  "Simulation/AGV/AGVPool.cs": 1779649831.798878,
  "Simulation/Channels/EpisodeConfigChannel.cs": 1780348989.6270843,
  "Simulation/Channels/EpisodeTelemetryChannel.cs": 1779641157.717741,
  "Simulation/Channels/SideChannelRegistrar.cs": 1779641157.717741,
  "Simulation/DecisionCoordinator.cs": 1780172327.344172,
  "Simulation/DefaultConfigFactory.cs": 1780348805.9726417,
  "Simulation/DispatchingEngine.cs": 1780172567.1578822,
  "Simulation/EpisodeTracker.cs": 1780172618.8484938,
  "Simulation/FactoryLayout/FactoryLayoutManager.cs": 1779641157.717741,
  "Simulation/FactoryLayout/TrafficZoneManager.cs": 1779641157.717741,
  "Simulation/FactoryOrchestrator.cs": 1780532162.144081,
  "Simulation/FailureCoordinator.cs": 1780172911.855971,
  "Simulation/FlagHarvester.cs": 1780533630.7041957,
  "Simulation/HeadlessBatchRunner.cs": 1780360028.7983644,
  "Simulation/Jobs/BrandimartLoader.cs": 1780348958.4621022,
  "Simulation/Jobs/FJSSPJobDefinition.cs": 1780170975.6341527,
  "Simulation/Jobs/FJSSPJobGenerator.cs": 1780532170.7640927,
  "Simulation/Jobs/JobData.cs": 1780171019.7113614,
  "Simulation/Jobs/JobVisual.cs": 1780171055.0271175,
  "Simulation/Jobs/Jobstore.cs": 1780532177.1924303,
  "Simulation/Logging/ResultsLogger.cs": 1780532236.0750422,
  "Simulation/Logging/SimLogger.cs": 1779641157.7188644,
  "Simulation/LoggingInit.cs": 1779641157.7188644,
  "Simulation/Machines/ConveyorBelt.cs": 1780171149.364724,
  "Simulation/Machines/MachineHealthState.cs": 1780171156.4399223,
  "Simulation/Machines/MachineState.cs": 1780171167.5733538,
  "Simulation/Machines/MachineType.cs": 1780171173.4073672,
  "Simulation/Machines/MachineVisual.cs": 1780171245.3445754,
  "Simulation/Machines/PhysicalMachine.cs": 1780171306.971112,
  "Simulation/ObservationBuilder.cs": 1779641157.7188644,
  "Simulation/SchedulingAgent.cs": 1779641157.7188644,
  "Simulation/Stochastic/StochasticDistributionValidator.cs": 1780171382.5928826,
  "Simulation/Stochastic/StochasticEventManager.cs": 1780171412.5095336,
  "Simulation/Types/ConfigLoader.cs": 1780532213.148076,
  "Simulation/Types/DecisionRequest.cs": 1780171480.2045379,
  "Simulation/Types/DispatchingRule.cs": 1780171492.6571853,
  "Simulation/Types/EpisodeRecord.cs": 1780532226.6981974,
  "Simulation/Types/FJSSPConfig.cs": 1780348812.627136,
  "Simulation/Types/StepResult.cs": 1780171621.5703285,
  "Simulation/Types/StochasticConfig.cs": 1780532198.1079476,
  "UI/BillboardUI.cs": 1775057051.8040845,
  "UI/InstanceSelectMenu.cs": 1779641157.719466,
  "UI/SimulationHUD.cs": 1779641157.719466,
  "UI/SimulationMenuUI.cs": 1780349034.262165
}